"speaker","count","Exact_age","Age_range","Gender","total","age_bins"
"S0001",6,32,"30-39","Female",3000,"30-39"
"S0002",21,NA,"19-29","Female",8535,"20-29"
"S0003",8,NA,"19-29","Female",1893,"20-29"
"S0004",1,NA,"30-39","Male",3634,"30-39"
"S0005",3,NA,"80-89","Female",1449,"70+"
"S0006",1,NA,"80-89","Male",4804,"70+"
"S0007",6,NA,"19-29","Male",11276,"20-29"
"S0008",101,66,"60-69","Male",139888,"60-69"
"S0009",0,NA,"19-29","Female",533,"20-29"
"S0010",7,NA,"30-39","Male",3105,"30-39"
"S0011",0,NA,"19-29","Female",473,"20-29"
"S0012",69,70,"70-79","Male",277953,"70+"
"S0013",163,63,"60-69","Female",127773,"60-69"
"S0014",15,NA,"30-39","Female",5487,"30-39"
"S0015",21,68,"60-69","Female",29651,"60-69"
"S0016",1,NA,"19-29","Female",605,"20-29"
"S0017",4,NA,"70-79","Male",7377,"70+"
"S0018",183,NA,"30-39","Female",107906,"30-39"
"S0019",19,NA,"60-69","Female",23328,"60-69"
"S0020",1,NA,"30-39","Male",885,"30-39"
"S0021",21,27,"19-29","Female",8209,"20-29"
"S0022",4,NA,"30-39","Female",7163,"30-39"
"S0023",12,NA,"40-49","Male",6704,"40-49"
"S0024",127,36,"30-39","Female",181562,"30-39"
"S0025",8,NA,"30-39","Female",5618,"30-39"
"S0026",39,23,"19-29","Male",13449,"20-29"
"S0027",2,NA,"40-49","Male",1856,"40-49"
"S0028",1,NA,"19-29","Female",417,"20-29"
"S0029",0,NA,"19-29","Female",304,"20-29"
"S0030",20,NA,"40-49","Female",2622,"40-49"
"S0031",0,NA,"19-29","Male",928,"20-29"
"S0032",8,28,"19-29","Male",6867,"20-29"
"S0033",1,NA,"19-29","Male",6499,"20-29"
"S0034",14,29,"19-29","Male",4974,"20-29"
"S0035",9,NA,"30-39","Female",2101,"30-39"
"S0036",16,NA,"40-49","Female",11169,"40-49"
"S0037",112,NA,"19-29","Female",108664,"20-29"
"S0038",12,NA,"50-59","Male",6147,"50-59"
"S0039",0,NA,"30-39","Male",228,"30-39"
"S0040",3,33,"30-39","Male",4154,"30-39"
"S0041",314,NA,"19-29","Female",208025,"20-29"
"S0042",0,NA,"19-29","Female",372,"20-29"
"S0043",2,NA,"40-49","Female",2453,"40-49"
"S0044",1,NA,"19-29","Female",829,"20-29"
"S0045",2,NA,"19-29","Male",228,"20-29"
"S0046",18,NA,"19-29","Male",17404,"20-29"
"S0047",14,NA,"60-69","Male",9570,"60-69"
"S0048",0,NA,"40-49","Female",541,"40-49"
"S0049",5,NA,"19-29","Female",14159,"20-29"
"S0050",5,29,"19-29","Female",7233,"20-29"
"S0051",0,NA,"19-29","Male",624,"20-29"
"S0052",4,32,"30-39","Female",2223,"30-39"
"S0053",0,NA,"19-29","Female",117,"20-29"
"S0054",12,NA,"19-29","Male",5753,"20-29"
"S0055",0,NA,"19-29","Female",1312,"20-29"
"S0056",3,59,"50-59","Male",1108,"50-59"
"S0057",7,21,"19-29","Female",4034,"20-29"
"S0058",331,23,"19-29","Female",144725,"20-29"
"S0059",0,27,"19-29","Female",1066,"20-29"
"S0060",24,NA,"30-39","Male",15944,"30-39"
"S0061",1,NA,"19-29","Male",982,"20-29"
"S0062",8,NA,"30-39","Male",2588,"30-39"
"S0063",2,NA,"40-49","Male",2682,"40-49"
"S0064",3,NA,"19-29","Female",1387,"20-29"
"S0065",4,NA,"30-39","Female",2176,"30-39"
"S0066",0,NA,"40-49","Male",28,"40-49"
"S0067",0,NA,"40-49","Male",621,"40-49"
"S0068",0,NA,"40-49","Male",2250,"40-49"
"S0069",1,NA,"19-29","Female",574,"20-29"
"S0070",12,44,"40-49","Male",18168,"40-49"
"S0071",1,39,"30-39","Female",1301,"30-39"
"S0072",2,NA,"19-29","Male",2618,"20-29"
"S0073",10,NA,"30-39","Male",6934,"30-39"
"S0074",9,NA,"60-69","Female",8582,"60-69"
"S0075",9,NA,"40-49","Male",2610,"40-49"
"S0076",3,NA,"19-29","Female",1353,"20-29"
"S0077",0,NA,"19-29","Female",867,"20-29"
"S0078",3,NA,"19-29","Male",3389,"20-29"
"S0079",6,35,"30-39","Male",1215,"30-39"
"S0080",2,NA,"19-29","Male",1079,"20-29"
"S0081",1,NA,"30-39","Male",1740,"30-39"
"S0082",29,NA,"60-69","Male",22995,"60-69"
"S0083",76,NA,"60-69","Female",44214,"60-69"
"S0084",533,NA,"19-29","Female",276558,"20-29"
"S0085",2,NA,"19-29","Female",2835,"20-29"
"S0086",108,NA,"19-29","Male",49319,"20-29"
"S0087",1,40,"40-49","Male",1393,"40-49"
"S0088",2,NA,"40-49","Female",1738,"40-49"
"S0089",0,NA,"19-29","Male",1653,"20-29"
"S0090",0,NA,"19-29","Female",1975,"20-29"
"S0091",1,90,"90-99","Male",2084,"70+"
"S0092",2,NA,"50-59","Male",11098,"50-59"
"S0093",55,NA,"40-49","Male",14482,"40-49"
"S0094",20,33,"30-39","Female",10851,"30-39"
"S0095",4,33,"30-39","Male",4800,"30-39"
"S0096",5,NA,"30-39","Female",2261,"30-39"
"S0097",5,NA,"30-39","Male",4159,"30-39"
"S0098",4,NA,"19-29","Male",808,"20-29"
"S0099",3,NA,"19-29","Male",861,"20-29"
"S0100",2,NA,"19-29","Female",1135,"20-29"
"S0101",0,NA,"19-29","Male",1254,"20-29"
"S0102",0,NA,"11-18","Male",968,"10-19"
"S0103",1,NA,"70-79","Male",7029,"70+"
"S0104",67,49,"40-49","Female",56732,"40-49"
"S0105",2,35,"30-39","Male",917,"30-39"
"S0106",2,26,"19-29","Male",911,"20-29"
"S0107",2,59,"50-59","Male",279,"50-59"
"S0108",2,21,"19-29","Female",2956,"20-29"
"S0109",17,27,"19-29","Female",8152,"20-29"
"S0110",4,57,"50-59","Male",8362,"50-59"
"S0113",0,NA,"19-29","Male",750,"20-29"
"S0114",3,NA,"70-79","Female",2497,"70+"
"S0115",298,NA,"30-39","Male",111897,"30-39"
"S0116",0,NA,"19-29","Female",1425,"20-29"
"S0117",1,NA,"19-29","Female",378,"20-29"
"S0118",1,NA,"30-39","Male",1067,"30-39"
"S0119",18,NA,"19-29","Male",5117,"20-29"
"S0120",29,23,"19-29","Male",15668,"20-29"
"S0121",0,NA,"19-29","Female",61,"20-29"
"S0122",0,NA,"19-29","Male",1176,"20-29"
"S0123",14,30,"19-29","Male",8757,"30-39"
"S0124",0,NA,"19-29","Female",72,"20-29"
"S0125",5,NA,"30-39","Female",3972,"30-39"
"S0126",1,NA,"60-69","Female",1042,"60-69"
"S0127",8,24,"19-29","Male",2393,"20-29"
"S0128",1,NA,"19-29","Male",949,"20-29"
"S0129",2,NA,"30-39","Male",2630,"30-39"
"S0130",8,NA,"19-29","Male",1912,"20-29"
"S0131",90,NA,"50-59","Female",12671,"50-59"
"S0132",9,NA,"19-29","Female",3256,"20-29"
"S0133",2,NA,"19-29","Female",1825,"20-29"
"S0134",5,NA,"19-29","Female",1138,"20-29"
"S0135",23,NA,"19-29","Female",16145,"20-29"
"S0136",18,NA,"19-29","Female",3627,"20-29"
"S0137",0,NA,"19-29","Male",699,"20-29"
"S0138",7,NA,"50-59","Male",3706,"50-59"
"S0139",0,NA,"19-29","Female",2192,"20-29"
"S0140",5,NA,"11-18","Female",3121,"10-19"
"S0141",0,35,"30-39","Female",1706,"30-39"
"S0142",2,NA,"60-69","Male",14811,"60-69"
"S0143",1,NA,"60-69","Female",2073,"60-69"
"S0144",119,36,"30-39","Male",144222,"30-39"
"S0145",6,24,"19-29","Female",2049,"20-29"
"S0146",80,NA,"30-39","Female",18077,"30-39"
"S0147",7,NA,"50-59","Female",2490,"50-59"
"S0148",2,23,"19-29","Female",1334,"20-29"
"S0149",4,25,"19-29","Female",2531,"20-29"
"S0150",4,NA,"50-59","Female",863,"50-59"
"S0151",23,NA,"19-29","Male",4509,"20-29"
"S0152",84,52,"50-59","Male",128107,"50-59"
"S0153",6,16,"11-18","Female",8406,"10-19"
"S0154",25,14,"11-18","Female",15715,"10-19"
"S0155",1,42,"40-49","Male",1275,"40-49"
"S0156",0,NA,"19-29","Female",122,"20-29"
"S0157",9,NA,"19-29","Female",3314,"20-29"
"S0158",5,NA,"50-59","Male",2731,"50-59"
"S0159",0,NA,"19-29","Male",497,"20-29"
"S0160",0,NA,"19-29","Female",373,"20-29"
"S0161",6,NA,"70-79","Female",3420,"70+"
"S0162",45,NA,"30-39","Female",10286,"30-39"
"S0163",0,NA,"60-69","Female",643,"60-69"
"S0164",0,NA,"30-39","Male",683,"30-39"
"S0165",1,NA,"19-29","Female",648,"20-29"
"S0166",0,NA,"50-59","Female",835,"50-59"
"S0167",92,24,"19-29","Female",56570,"20-29"
"S0168",1,NA,"19-29","Female",441,"20-29"
"S0169",5,NA,"30-39","Male",3271,"30-39"
"S0170",9,NA,"30-39","Female",12958,"30-39"
"S0171",25,NA,"19-29","Female",7720,"20-29"
"S0172",10,NA,"60-69","Female",6642,"60-69"
"S0173",23,NA,"19-29","Female",9440,"20-29"
"S0174",2,NA,"60-69","Male",1003,"60-69"
"S0175",7,35,"30-39","Female",3727,"30-39"
"S0176",1,50,"50-59","Female",1848,"50-59"
"S0177",5,NA,"19-29","Male",2347,"20-29"
"S0178",0,NA,"11-18","Female",585,"10-19"
"S0179",429,23,"19-29","Male",96053,"20-29"
"S0180",20,37,"30-39","Male",21640,"30-39"
"S0181",15,NA,"30-39","Male",3537,"30-39"
"S0182",16,NA,"19-29","Female",2721,"20-29"
"S0183",8,NA,"30-39","Female",3360,"30-39"
"S0184",0,23,"19-29","Male",2724,"20-29"
"S0185",0,52,"50-59","Male",1822,"50-59"
"S0186",7,32,"30-39","Male",2125,"30-39"
"S0187",22,21,"19-29","Male",14558,"20-29"
"S0188",2,20,"19-29","Male",4723,"20-29"
"S0189",30,24,"19-29","Male",18023,"20-29"
"S0190",6,55,"50-59","Female",24564,"50-59"
"S0191",0,5,"0-10","Male",1621,"0-9"
"S0192",481,28,"19-29","Male",362107,"20-29"
"S0193",3,55,"50-59","Female",12395,"50-59"
"S0194",24,34,"30-39","Female",11835,"30-39"
"S0195",17,28,"19-29","Male",5598,"20-29"
"S0196",11,31,"30-39","Female",10981,"30-39"
"S0197",15,51,"50-59","Male",17059,"50-59"
"S0198",252,27,"19-29","Female",164818,"20-29"
"S0199",25,52,"50-59","Female",52249,"50-59"
"S0200",2,21,"19-29","Male",2773,"20-29"
"S0201",1,20,"19-29","Male",564,"20-29"
"S0202",111,23,"19-29","Female",117720,"20-29"
"S0203",6,19,"19-29","Male",19895,"10-19"
"S0204",13,20,"19-29","Female",12326,"20-29"
"S0205",5,20,"19-29","Female",7688,"20-29"
"S0206",15,20,"19-29","Female",10286,"20-29"
"S0207",23,21,"19-29","Female",8995,"20-29"
"S0208",140,19,"19-29","Female",63967,"10-19"
"S0209",3,21,"19-29","Female",1501,"20-29"
"S0210",2,20,"19-29","Female",2053,"20-29"
"S0211",18,22,"19-29","Female",14901,"20-29"
"S0212",1,20,"19-29","Female",4167,"20-29"
"S0213",1,21,"19-29","Female",604,"20-29"
"S0214",3,48,"40-49","Male",1833,"40-49"
"S0215",0,43,"40-49","Female",581,"40-49"
"S0216",10,22,"19-29","Female",11012,"20-29"
"S0217",0,23,"19-29","Male",427,"20-29"
"S0218",4,28,"19-29","Male",3917,"20-29"
"S0219",3,22,"19-29","Female",3608,"20-29"
"S0220",16,22,"19-29","Female",14393,"20-29"
"S0221",24,19,"19-29","Male",9056,"10-19"
"S0222",9,20,"19-29","Female",11380,"20-29"
"S0223",7,42,"19-29","Female",2449,"40-49"
"S0224",4,20,"19-29","Male",856,"20-29"
"S0225",0,49,"40-49","Male",229,"40-49"
"S0227",77,54,"50-59","Male",81006,"50-59"
"S0228",19,28,"19-29","Male",15015,"20-29"
"S0229",4,69,"60-69","Male",21996,"60-69"
"S0230",19,57,"50-59","Female",23145,"50-59"
"S0231",4,36,"30-39","Male",7613,"30-39"
"S0232",2,33,"30-39","Female",6738,"30-39"
"S0233",26,27,"19-29","Female",8446,"20-29"
"S0234",35,28,"19-29","Male",8678,"20-29"
"S0235",44,27,"19-29","Female",36352,"20-29"
"S0236",10,28,"19-29","Male",15999,"20-29"
"S0237",5,21,"19-29","Female",7875,"20-29"
"S0238",160,52,"50-59","Female",40385,"50-59"
"S0239",19,39,"30-39","Female",8275,"30-39"
"S0240",17,55,"50-59","Female",8597,"50-59"
"S0241",69,49,"40-49","Female",15117,"40-49"
"S0242",0,69,"60-69","Male",3006,"60-69"
"S0243",2,83,"80-89","Female",3460,"70+"
"S0244",0,21,"19-29","Male",3881,"20-29"
"S0245",5,21,"19-29","Male",11625,"20-29"
"S0246",53,21,"19-29","Female",23793,"20-29"
"S0247",7,61,"60-69","Female",5604,"60-69"
"S0248",21,65,"60-69","Male",4271,"60-69"
"S0249",22,21,"19-29","Female",13219,"20-29"
"S0250",12,26,"19-29","Male",6051,"20-29"
"S0251",30,52,"50-59","Female",32725,"50-59"
"S0252",26,18,"11-18","Male",29362,"10-19"
"S0253",23,26,"19-29","Male",44002,"20-29"
"S0254",24,26,"19-29","Female",22832,"20-29"
"S0255",419,48,"40-49","Female",130992,"40-49"
"S0256",51,23,"19-29","Female",35547,"20-29"
"S0257",53,45,"40-49","Female",41046,"40-49"
"S0258",23,31,"30-39","Female",8776,"30-39"
"S0259",7,42,"40-49","Female",15354,"40-49"
"S0260",2,80,"80-89","Female",6822,"70+"
"S0261",91,41,"40-49","Male",62528,"40-49"
"S0262",600,41,"40-49","Female",169739,"40-49"
"S0263",4,39,"30-39","Female",3032,"30-39"
"S0264",17,60,"60-69","Male",11066,"60-69"
"S0265",8,56,"50-59","Male",4428,"50-59"
"S0266",25,62,"60-69","Female",17787,"60-69"
"S0267",30,63,"60-69","Female",6414,"60-69"
"S0268",15,67,"60-69","Male",14070,"60-69"
"S0269",1,74,"70-79","Male",9767,"70+"
"S0270",23,66,"60-69","Female",8352,"60-69"
"S0271",9,68,"60-69","Female",9912,"60-69"
"S0272",37,56,"50-59","Female",7918,"50-59"
"S0273",2,60,"60-69","Female",4397,"60-69"
"S0274",6,26,"19-29","Male",8796,"20-29"
"S0275",25,20,"19-29","Female",14643,"20-29"
"S0276",5,19,"19-29","Female",10038,"10-19"
"S0278",108,66,"60-69","Male",106913,"60-69"
"S0280",1,46,"40-49","Female",1025,"40-49"
"S0281",51,65,"60-69","Male",46366,"60-69"
"S0282",239,55,"50-59","Female",61133,"50-59"
"S0283",19,48,"40-49","Male",7217,"40-49"
"S0284",12,67,"60-69","Male",4367,"60-69"
"S0285",11,20,"19-29","Male",5921,"20-29"
"S0286",9,18,"11-18","Male",3742,"10-19"
"S0287",16,52,"50-59","Female",5778,"50-59"
"S0288",7,59,"50-59","Male",3478,"50-59"
"S0289",31,66,"60-69","Female",11230,"60-69"
"S0290",5,19,"19-29","Male",3725,"10-19"
"S0291",2,21,"19-29","Female",3701,"20-29"
"S0292",2,81,"80-89","Female",4031,"70+"
"S0293",37,21,"19-29","Female",8240,"20-29"
"S0294",9,77,"70-79","Male",5629,"70+"
"S0295",0,76,"70-79","Female",890,"70+"
"S0297",24,29,"19-29","Male",7657,"20-29"
"S0298",6,44,"40-49","Male",2098,"40-49"
"S0299",19,67,"60-69","Female",15774,"60-69"
"S0300",11,45,"40-49","Female",10692,"40-49"
"S0301",38,73,"70-79","Male",6519,"70+"
"S0302",5,56,"50-59","Female",3813,"50-59"
"S0303",39,41,"40-49","Female",17420,"40-49"
"S0304",11,44,"40-49","Male",4578,"40-49"
"S0305",11,42,"40-49","Female",2496,"40-49"
"S0306",3,29,"19-29","Male",1044,"20-29"
"S0307",7,30,"30-39","Female",3459,"30-39"
"S0308",10,67,"60-69","Male",6419,"60-69"
"S0309",20,76,"70-79","Male",8574,"70+"
"S0310",20,62,"60-69","Female",5637,"60-69"
"S0311",1,30,"30-39","Female",2371,"30-39"
"S0312",2,32,"30-39","Male",1379,"30-39"
"S0313",2,27,"19-29","Female",3093,"20-29"
"S0314",13,61,"60-69","Female",7475,"60-69"
"S0315",18,36,"30-39","Female",15766,"30-39"
"S0316",16,30,"30-39","Female",13776,"30-39"
"S0317",4,48,"40-49","Female",4128,"40-49"
"S0318",10,48,"40-49","Male",7704,"40-49"
"S0319",9,43,"40-49","Female",11859,"40-49"
"S0320",136,34,"30-39","Female",37234,"30-39"
"S0321",19,33,"30-39","Female",4643,"30-39"
"S0322",35,39,"30-39","Female",14694,"30-39"
"S0323",10,39,"30-39","Female",6240,"30-39"
"S0324",73,14,"11-18","Female",28467,"10-19"
"S0325",120,13,"11-18","Female",45925,"10-19"
"S0326",131,20,"19-29","Male",95797,"20-29"
"S0327",51,76,"70-79","Female",28127,"70+"
"S0328",104,29,"19-29","Female",77855,"20-29"
"S0329",42,50,"50-59","Female",32818,"50-59"
"S0330",50,27,"19-29","Female",43009,"20-29"
"S0331",25,31,"30-39","Male",36000,"30-39"
"S0334",10,40,"40-49","Female",6759,"40-49"
"S0335",33,38,"30-39","Female",9651,"30-39"
"S0336",222,24,"19-29","Female",97971,"20-29"
"S0337",55,24,"19-29","Male",48809,"20-29"
"S0338",9,57,"50-59","Female",20909,"50-59"
"S0339",34,56,"50-59","Male",17811,"50-59"
"S0340",0,87,"80-89","Male",330,"70+"
"S0341",7,55,"50-59","Female",1995,"50-59"
"S0342",8,23,"19-29","Male",5566,"20-29"
"S0343",2,55,"50-59","Male",7374,"50-59"
"S0344",20,25,"19-29","Female",18377,"20-29"
"S0345",16,25,"19-29","Female",4669,"20-29"
"S0346",11,24,"19-29","Female",9499,"20-29"
"S0347",1,24,"19-29","Male",2996,"20-29"
"S0349",6,25,"19-29","Female",5389,"20-29"
"S0350",12,25,"19-29","Female",6773,"20-29"
"S0351",0,20,"19-29","Male",529,"20-29"
"S0352",5,18,"11-18","Male",8670,"10-19"
"S0353",10,67,"60-69","Male",15133,"60-69"
"S0354",17,72,"70-79","Female",9698,"70+"
"S0355",2,64,"60-69","Male",17627,"60-69"
"S0356",0,83,"80-89","Male",714,"70+"
"S0357",8,21,"19-29","Female",3337,"20-29"
"S0358",3,53,"50-59","Male",6703,"50-59"
"S0359",2,61,"60-69","Male",716,"60-69"
"S0360",6,68,"60-69","Female",5852,"60-69"
"S0361",15,38,"30-39","Female",5309,"30-39"
"S0362",17,25,"19-29","Male",11261,"20-29"
"S0363",6,24,"19-29","Female",8120,"20-29"
"S0364",4,33,"30-39","Male",4635,"30-39"
"S0365",3,62,"60-69","Male",1941,"60-69"
"S0366",4,55,"50-59","Female",2362,"50-59"
"S0367",5,31,"30-39","Male",1827,"30-39"
"S0368",3,82,"80-89","Female",15084,"70+"
"S0369",52,82,"80-89","Male",39869,"70+"
"S0370",25,62,"60-69","Male",21899,"60-69"
"S0371",3,NA,"Unknown","Male",6071,NA
"S0372",7,65,"60-69","Male",9479,"60-69"
"S0373",0,59,"50-59","Male",385,"50-59"
"S0374",2,24,"19-29","Female",4017,"20-29"
"S0375",10,24,"19-29","Female",7645,"20-29"
"S0376",0,47,"40-49","Female",5691,"40-49"
"S0377",3,23,"19-29","Female",4013,"20-29"
"S0378",19,23,"19-29","Female",5094,"20-29"
"S0379",1,53,"50-59","Female",5571,"50-59"
"S0380",8,20,"19-29","Male",5605,"20-29"
"S0381",14,45,"40-49","Female",10164,"40-49"
"S0382",31,63,"60-69","Male",18905,"60-69"
"S0383",47,30,"30-39","Male",19409,"30-39"
"S0384",4,20,"19-29","Male",3886,"20-29"
"S0386",8,NA,"Unknown","Male",3034,NA
"S0387",3,21,"19-29","Male",3176,"20-29"
"S0388",5,52,"50-59","Female",3078,"50-59"
"S0389",6,64,"60-69","Female",3819,"60-69"
"S0390",32,76,"70-79","Female",19073,"70+"
"S0391",17,55,"50-59","Female",40040,"50-59"
"S0392",53,15,"11-18","Male",63623,"10-19"
"S0393",12,47,"40-49","Male",19711,"40-49"
"S0394",1,65,"60-69","Female",1595,"60-69"
"S0395",2,37,"30-39","Female",1643,"30-39"
"S0396",0,64,"60-69","Female",256,"60-69"
"S0397",13,57,"50-59","Female",11168,"50-59"
"S0398",1,87,"80-89","Female",1351,"70+"
"S0399",1,60,"60-69","Male",1047,"60-69"
"S0400",4,22,"19-29","Male",2610,"20-29"
"S0401",1,57,"50-59","Male",3034,"50-59"
"S0402",10,16,"11-18","Male",18137,"10-19"
"S0403",1,16,"11-18","Male",1441,"10-19"
"S0404",1,16,"11-18","Male",1304,"10-19"
"S0405",46,17,"11-18","Male",61634,"10-19"
"S0406",0,23,"19-29","Male",699,"20-29"
"S0407",4,47,"40-49","Female",1163,"40-49"
"S0408",0,50,"50-59","Female",1641,"50-59"
"S0409",2,47,"40-49","Female",2420,"40-49"
"S0410",1,45,"40-49","Male",1080,"40-49"
"S0411",20,46,"40-49","Female",9687,"40-49"
"S0412",0,8,"0-10","Female",259,"0-9"
"S0413",0,14,"11-18","Female",36,"10-19"
"S0414",0,17,"11-18","Female",43,"10-19"
"S0415",62,46,"40-49","Male",26941,"40-49"
"S0416",71,12,"11-18","Male",49647,"10-19"
"S0417",207,45,"40-49","Female",88937,"40-49"
"S0418",0,2,"0-10","Male",2547,"0-9"
"S0419",3,65,"60-69","Male",13633,"60-69"
"S0420",5,32,"30-39","Male",7682,"30-39"
"S0421",26,18,"11-18","Female",52213,"10-19"
"S0422",2,39,"30-39","Female",4749,"30-39"
"S0423",15,50,"50-59","Male",54877,"50-59"
"S0424",8,44,"40-49","Male",15083,"40-49"
"S0425",2,28,"19-29","Male",1841,"20-29"
"S0426",7,60,"60-69","Male",12218,"60-69"
"S0427",11,64,"60-69","Male",18194,"60-69"
"S0428",37,27,"19-29","Female",37612,"20-29"
"S0429",7,29,"19-29","Female",3246,"20-29"
"S0430",4,27,"19-29","Male",2567,"20-29"
"S0431",2,29,"19-29","Female",733,"20-29"
"S0432",63,23,"19-29","Female",28627,"20-29"
"S0433",1,26,"19-29","Female",295,"20-29"
"S0434",6,30,"30-39","Female",3548,"30-39"
"S0435",23,15,"11-18","Female",8792,"10-19"
"S0436",9,22,"19-29","Female",9037,"20-29"
"S0437",13,25,"19-29","Female",3747,"20-29"
"S0438",2,28,"19-29","Female",1720,"20-29"
"S0439",439,23,"19-29","Female",205049,"20-29"
"S0440",21,58,"50-59","Female",33087,"50-59"
"S0441",158,24,"19-29","Female",52726,"20-29"
"S0442",0,35,"30-39","Female",1226,"30-39"
"S0443",25,63,"60-69","Female",11062,"60-69"
"S0444",58,25,"19-29","Female",31229,"20-29"
"S0445",8,22,"19-29","Female",6971,"20-29"
"S0446",4,61,"60-69","Male",4019,"60-69"
"S0447",7,23,"19-29","Male",3365,"20-29"
"S0448",11,20,"19-29","Female",7241,"20-29"
"S0449",2,44,"40-49","Female",1622,"40-49"
"S0450",25,24,"19-29","Female",22617,"20-29"
"S0451",24,22,"19-29","Female",12435,"20-29"
"S0452",13,54,"50-59","Male",6592,"50-59"
"S0453",17,33,"30-39","Male",19928,"30-39"
"S0454",356,36,"30-39","Female",136946,"30-39"
"S0455",35,53,"50-59","Female",27321,"50-59"
"S0456",24,44,"40-49","Male",27150,"40-49"
"S0457",3,46,"40-49","Female",3988,"40-49"
"S0458",1,21,"19-29","Female",3914,"20-29"
"S0459",0,15,"11-18","Male",155,"10-19"
"S0460",0,85,"80-89","Male",5329,"70+"
"S0463",10,47,"40-49","Male",5104,"40-49"
"S0464",1,40,"40-49","Female",3892,"40-49"
"S0465",2,41,"40-49","Male",4608,"40-49"
"S0466",14,27,"19-29","Male",13373,"20-29"
"S0467",2,25,"19-29","Male",1783,"20-29"
"S0468",1,25,"19-29","Male",1926,"20-29"
"S0469",1,26,"19-29","Female",983,"20-29"
"S0470",7,53,"50-59","Male",3296,"50-59"
"S0471",1,28,"19-29","Female",848,"20-29"
"S0472",9,24,"19-29","Female",4328,"20-29"
"S0473",1,52,"50-59","Male",1410,"50-59"
"S0474",1,28,"19-29","Female",1901,"20-29"
"S0475",145,73,"70-79","Female",46227,"70+"
"S0476",29,86,"80-89","Male",12536,"70+"
"S0477",3,19,"19-29","Female",420,"10-19"
"S0478",29,57,"50-59","Female",5888,"50-59"
"S0479",0,17,"11-18","Female",1243,"10-19"
"S0480",10,NA,"60-69","Male",11382,"60-69"
"S0481",20,60,"60-69","Male",20051,"60-69"
"S0482",37,37,"30-39","Male",17116,"30-39"
"S0483",13,37,"30-39","Female",15901,"30-39"
"S0485",34,71,"70-79","Male",10178,"70+"
"S0486",66,65,"60-69","Female",36836,"60-69"
"S0487",5,20,"19-29","Female",5507,"20-29"
"S0488",9,24,"19-29","Female",5444,"20-29"
"S0489",9,58,"50-59","Male",7204,"50-59"
"S0491",7,69,"60-69","Female",3474,"60-69"
"S0492",31,33,"30-39","Female",39808,"30-39"
"S0493",45,31,"30-39","Male",69465,"30-39"
"S0494",1,61,"60-69","Male",7420,"60-69"
"S0495",0,56,"50-59","Female",2035,"50-59"
"S0496",9,30,"30-39","Female",7629,"30-39"
"S0497",5,30,"30-39","Male",13572,"30-39"
"S0498",2,24,"19-29","Female",1948,"20-29"
"S0499",1,52,"50-59","Female",1254,"50-59"
"S0500",3,19,"19-29","Female",2601,"10-19"
"S0501",0,59,"50-59","Male",159,"50-59"
"S0502",4,23,"19-29","Female",2026,"20-29"
"S0503",7,22,"19-29","Female",4986,"20-29"
"S0504",2,58,"50-59","Male",1331,"50-59"
"S0505",2,79,"70-79","Female",5242,"70+"
"S0506",0,90,"90-99","Male",1731,"70+"
"S0507",0,78,"70-79","Female",4099,"70+"
"S0508",4,78,"70-79","Female",3657,"70+"
"S0509",45,16,"11-18","Female",35878,"10-19"
"S0510",96,47,"40-49","Female",41217,"40-49"
"S0511",70,43,"40-49","Female",34230,"40-49"
"S0512",22,12,"11-18","Male",6283,"10-19"
"S0513",22,14,"11-18","Male",7264,"10-19"
"S0514",14,16,"11-18","Male",5093,"10-19"
"S0515",12,74,"70-79","Female",7547,"70+"
"S0516",2,65,"60-69","Male",2198,"60-69"
"S0517",163,47,"40-49","Female",148776,"40-49"
"S0518",34,48,"40-49","Female",37083,"40-49"
"S0519",32,59,"50-59","Female",37097,"50-59"
"S0520",59,32,"30-39","Female",53568,"30-39"
"S0521",32,59,"50-59","Male",14050,"50-59"
"S0522",4,34,"30-39","Female",4687,"30-39"
"S0523",30,61,"60-69","Male",14842,"60-69"
"S0524",6,71,"70-79","Male",6360,"70+"
"S0525",76,48,"40-49","Female",158605,"40-49"
"S0526",3,68,"60-69","Male",3617,"60-69"
"S0527",1,48,"40-49","Male",2587,"40-49"
"S0528",2,77,"70-79","Male",1653,"70+"
"S0529",164,20,"19-29","Female",87846,"20-29"
"S0530",187,19,"19-29","Female",74687,"10-19"
"S0531",12,19,"19-29","Female",5968,"10-19"
"S0532",12,19,"19-29","Male",4695,"10-19"
"S0533",1,18,"11-18","Male",894,"10-19"
"S0534",3,76,"70-79","Male",2945,"70+"
"S0535",8,70,"70-79","Male",1700,"70+"
"S0536",3,74,"70-79","Male",1400,"70+"
"S0537",4,66,"60-69","Female",5124,"60-69"
"S0538",11,73,"70-79","Male",13098,"70+"
"S0539",30,24,"19-29","Female",8005,"20-29"
"S0540",25,38,"30-39","Female",14445,"30-39"
"S0541",58,47,"40-49","Female",21737,"40-49"
"S0542",41,20,"19-29","Male",18038,"20-29"
"S0543",80,19,"19-29","Female",30437,"10-19"
"S0544",37,20,"19-29","Male",17833,"20-29"
"S0545",5,54,"50-59","Male",6147,"50-59"
"S0546",0,88,"80-89","Female",5301,"70+"
"S0547",6,16,"11-18","Male",3831,"10-19"
"S0548",4,46,"40-49","Female",6334,"40-49"
"S0549",12,19,"19-29","Female",9841,"10-19"
"S0550",0,48,"40-49","Male",3199,"40-49"
"S0551",1,66,"60-69","Female",5135,"60-69"
"S0552",1,75,"70-79","Female",1213,"70+"
"S0553",1,76,"70-79","Male",2237,"70+"
"S0554",10,17,"11-18","Male",12000,"10-19"
"S0555",35,17,"11-18","Male",35193,"10-19"
"S0556",79,18,"11-18","Female",27148,"10-19"
"S0557",14,23,"19-29","Female",6773,"20-29"
"S0558",63,50,"50-59","Female",74981,"50-59"
"S0559",4,20,"19-29","Female",3694,"20-29"
"S0560",28,19,"19-29","Male",8816,"10-19"
"S0561",28,49,"40-49","Female",21441,"40-49"
"S0562",1,53,"50-59","Female",2567,"50-59"
"S0563",4,49,"40-49","Male",6408,"40-49"
"S0564",3,71,"70-79","Female",13410,"70+"
"S0565",8,78,"70-79","Male",5905,"70+"
"S0566",22,67,"60-69","Male",8065,"60-69"
"S0567",14,20,"19-29","Female",9033,"20-29"
"S0568",0,48,"40-49","Male",1252,"40-49"
"S0569",5,22,"19-29","Male",3219,"20-29"
"S0570",12,16,"11-18","Male",14675,"10-19"
"S0571",27,46,"40-49","Male",28656,"40-49"
"S0572",11,14,"11-18","Male",11567,"10-19"
"S0576",2,20,"19-29","Male",2339,"20-29"
"S0578",3,18,"11-18","Female",2851,"10-19"
"S0579",75,91,"90-99","Male",69102,"70+"
"S0580",5,48,"40-49","Female",7440,"40-49"
"S0583",7,20,"19-29","Female",8832,"20-29"
"S0584",10,20,"19-29","Male",12844,"20-29"
"S0585",48,21,"19-29","Female",37108,"20-29"
"S0586",3,20,"19-29","Female",4466,"20-29"
"S0587",33,20,"19-29","Male",29768,"20-29"
"S0588",133,49,"40-49","Female",74889,"40-49"
"S0589",71,40,"40-49","Male",51706,"40-49"
"S0590",434,74,"70-79","Female",52818,"70+"
"S0591",3,83,"80-89","Male",4908,"70+"
"S0592",65,18,"11-18","Female",32602,"10-19"
"S0593",33,53,"50-59","Female",7632,"50-59"
"S0594",36,23,"19-29","Male",15197,"20-29"
"S0595",13,18,"11-18","Female",6570,"10-19"
"S0596",19,18,"11-18","Female",11092,"10-19"
"S0597",16,18,"11-18","Male",15218,"10-19"
"S0598",53,18,"11-18","Female",24986,"10-19"
"S0599",3,18,"11-18","Male",6779,"10-19"
"S0600",5,51,"50-59","Male",3318,"50-59"
"S0601",3,25,"19-29","Male",2906,"20-29"
"S0602",28,19,"19-29","Male",16807,"10-19"
"S0603",22,33,"30-39","Male",25704,"30-39"
"S0604",17,34,"30-39","Male",23612,"30-39"
"S0605",30,60,"60-69","Male",16319,"60-69"
"S0606",0,63,"60-69","Male",934,"60-69"
"S0607",67,36,"30-39","Female",26372,"30-39"
"S0608",2,NA,"Unknown","Male",1277,NA
"S0609",5,NA,"Unknown","Female",1738,NA
"S0610",7,28,"19-29","Female",7960,"20-29"
"S0611",2,20,"19-29","Female",7246,"20-29"
"S0612",17,NA,"Unknown","Female",10599,NA
"S0613",38,54,"50-59","Female",11535,"50-59"
"S0614",7,56,"50-59","Male",10338,"50-59"
"S0615",14,24,"19-29","Female",27629,"20-29"
"S0616",17,54,"50-59","Male",12863,"50-59"
"S0617",31,21,"19-29","Female",26363,"20-29"
"S0618",158,42,"40-49","Female",97580,"40-49"
"S0619",30,24,"19-29","Female",81316,"20-29"
"S0620",2,19,"19-29","Female",3726,"10-19"
"S0621",0,8,"0-10","Female",1307,"0-9"
"S0622",13,8,"0-10","Female",16250,"0-9"
"S0623",47,20,"19-29","Female",32525,"20-29"
"S0624",24,27,"19-29","Female",16348,"20-29"
"S0625",7,59,"50-59","Female",1999,"50-59"
"S0626",16,29,"19-29","Male",5258,"20-29"
"S0627",22,25,"19-29","Female",8380,"20-29"
"S0628",10,29,"19-29","Female",5791,"20-29"
"S0629",2,30,"30-39","Male",2419,"30-39"
"S0630",0,80,"80-89","Male",569,"70+"
"S0631",16,27,"19-29","Female",7867,"20-29"
"S0632",35,26,"19-29","Female",28815,"20-29"
"S0633",1,41,"40-49","Male",1019,"40-49"
"S0634",1,52,"50-59","Female",1346,"50-59"
"S0635",8,26,"19-29","Male",11440,"20-29"
"S0636",2,79,"70-79","Female",5531,"70+"
"S0637",4,50,"50-59","Male",4368,"50-59"
"S0638",4,48,"40-49","Female",7907,"40-49"
"S0639",0,44,"40-49","Female",2059,"40-49"
"S0640",15,47,"40-49","Male",5205,"40-49"
"S0641",28,24,"19-29","Male",14781,"20-29"
"S0642",0,71,"70-79","Male",1540,"70+"
"S0643",2,NA,"Unknown","Male",2461,NA
"S0644",29,36,"30-39","Female",21202,"30-39"
"S0645",16,32,"30-39","Male",9498,"30-39"
"S0646",25,57,"50-59","Female",5683,"50-59"
"S0647",8,82,"80-89","Male",2433,"70+"
"S0648",2,45,"40-49","Female",1095,"40-49"
"S0649",4,79,"70-79","Female",2408,"70+"
"S0650",16,80,"80-89","Male",7348,"70+"
"S0651",30,58,"50-59","Male",9273,"50-59"
"S0652",3,30,"30-39","Male",7792,"30-39"
"S0653",149,39,"30-39","Female",157667,"30-39"
"S0654",92,7,"0-10","Female",61719,"0-9"
"S0655",108,9,"0-10","Male",60570,"0-9"
"S0656",0,23,"19-29","Male",826,"20-29"
"S0660",4,24,"19-29","Female",5071,"20-29"
"S0661",16,30,"30-39","Male",7098,"30-39"
"S0662",2,91,"90-99","Female",11996,"70+"
"S0663",46,56,"50-59","Female",16585,"50-59"
"S0664",0,85,"80-89","Female",2435,"70+"
"S0665",0,84,"80-89","Male",1050,"70+"
"S0666",4,57,"50-59","Female",11979,"50-59"
"S0668",9,31,"30-39","Male",7084,"30-39"
"S0669",7,19,"19-29","Female",2616,"10-19"
"S0670",7,20,"19-29","Male",11569,"20-29"
"S0671",38,21,"19-29","Male",19686,"20-29"
"S0672",3,20,"19-29","Male",3224,"20-29"
"S0673",0,21,"19-29","Female",1654,"20-29"
"S0674",11,19,"19-29","Male",5889,"10-19"
"S0675",9,20,"19-29","Male",3119,"20-29"
"S0676",0,21,"19-29","Male",19,"20-29"
"S0677",0,21,"19-29","Female",853,"20-29"
"S0678",13,21,"19-29","Male",3859,"20-29"
"S0679",30,54,"50-59","Female",21378,"50-59"
"S0680",27,64,"60-69","Female",22786,"60-69"
"S0681",13,69,"60-69","Male",6270,"60-69"
"S0682",0,21,"19-29","Male",1797,"20-29"
"S0683",0,18,"11-18","Female",957,"10-19"
"S0684",3,58,"50-59","Female",3872,"50-59"
"S0685",16,57,"50-59","Male",5304,"50-59"
"S0686",8,22,"19-29","Male",6972,"20-29"
"S0687",15,21,"19-29","Female",44079,"20-29"
"S0688",13,53,"50-59","Female",32479,"50-59"
"S0689",19,16,"11-18","Male",32809,"10-19"
"S0690",12,53,"50-59","Male",12021,"50-59"
"S0691",1,45,"40-49","Female",2135,"40-49"
"S0692",1,22,"19-29","Male",1105,"20-29"
